{
    "Check_Tutorial": [
        true,
        true,
        false,
        false,
        false
    ],
    "Gold": 0,
    "character": [
        {
            "name": "engineer",
            "story": [
                true,
                false,
                false
            ],
            "check": true,
            "hp": 3
        },
        {
            "name": "Warrior",
            "story": [
                true,
                false,
                false
            ],
            "check": false,
            "hp": 5
        },
        {
            "name": "saint",
            "story": [
                true,
                false,
                false
            ],
            "check": false,
            "hp": 2
        }
    ],
    "language": "KR"
}